name,count,total_distance
Clarisa,1,5.30
Taren,1,50.41
Melodee,1,82.44
Alysa,1,98.36
Inez,1,53.43
Anna,1,4.70
Cathleen,1,28.16
Ying,1,73.13
Robin,1,69.42
Troy,1,76.04
Willena,1,93.07
Hyun,1,99.41
Suzann,1,96.49
Frances,1,60.37
Nieves,2,96.16
Brenda,1,53.01
Kassie,1,38.20
Alba,1,92.86
Sanjuana,1,39.75
Marvis,1,73.57
Ashley,1,96.65
Evon,1,89.73
Noble,1,97.12
Lyle,1,2.74
Brenna,1,76.98
Annamae,1,56.46
Melodie,1,82.03
Tomas,1,59.21
Gregg,1,63.37
Kristi,1,17.64
Amiee,1,70.59
Kendall,1,86.10
Jamison,2,99.50
Roosevelt,1,61.51
Maire,1,54.62
Francine,1,27.03
Michaela,1,35.23
Sherill,2,95.33
Adah,1,31.50
Quintin,1,2.31
Maryland,1,86.00
Cheryl,1,57.48
Tonita,1,6.12
Tameika,1,26.35
Kathleen,1,41.13
Tory,1,6.56
Morris,1,49.80
Phoebe,1,91.68
Sunny,1,56.67
Judi,1,7.83
Minerva,1,28.22
Yaeko,1,31.00
Floria,1,75.09
Angie,1,68.90
Silvana,1,27.29
Daniele,1,60.03
Will,1,11.69
Arletha,1,12.89
Shela,1,22.49
Marybeth,1,67.97
Randell,2,136.04
Rosanne,1,15.49
Celeste,1,6.62
Hilaria,2,120.55
Ellena,1,11.84
Dorthea,1,39.84
Fannie,2,104.62
Jaime,1,80.06
Zulma,1,25.36
Georgette,1,5.35
Jon,1,83.49
Kenna,1,63.10
Jules,1,58.10
Shelli,1,22.33
Clair,2,118.11
Joella,1,86.95
Diann,1,70.60
Hien,2,55.65
Cherelle,2,121.85
Youlanda,1,20.20
Elisa,1,23.32
Cherish,1,37.65
Eboni,1,88.48
Johnathan,1,62.32
Enda,1,13.54
Marsha,1,72.20
Shaniqua,1,66.16
Odelia,1,84.96
Madeleine,1,15.56
Kyra,1,80.25
Minda,1,33.55
Rosendo,1,59.11
Elma,1,15.25
Lincoln,1,31.64
Lura,1,54.72
Wilton,1,61.66
Nisha,1,71.43
Bobbie,1,43.34
Hipolito,1,99.76
Lyda,2,122.12
Arden,2,98.38
Mattie,1,32.70
Elvis,1,19.09
Floyd,1,99.20
Pearl,1,9.33
Edwina,1,6.03
Dorris,1,90.00
Otto,2,111.19
Venetta,1,43.36
Seth,1,23.18
Lorinda,1,24.45
Leandro,1,33.35
Kyle,2,110.56
Vivienne,1,34.64
Chong,1,18.29
Marylynn,1,25.09
Maximo,2,130.95
Hillary,1,12.64
Jake,2,90.33
Kimberly,1,22.52
Britta,1,81.28
Son,1,87.09
Pinkie,1,31.03
Pok,1,87.74
Mamie,1,68.92
Billy,1,2.04
Timika,1,14.88
Elayne,1,32.37
Noel,1,65.12
Antonietta,2,137.39
Chris,2,118.35
Brittny,1,81.55
Bulah,1,52.04
Dorthy,1,55.29
Eve,1,66.31
Chassidy,1,54.15
Theressa,1,22.22
Jolanda,1,45.81
Tamara,1,31.83
Gabriella,1,85.80
Minnie,1,70.75
Marnie,1,93.05
Patrina,1,56.53
Jacelyn,1,47.70
Caroll,1,8.66
Margit,1,89.23
Una,1,7.43
Brigida,1,1.61
Donya,1,48.56
Velva,1,39.39
Norberto,1,77.00
Roseline,1,78.64
Zana,1,51.42
Lavinia,1,45.27
Alda,2,19.42
Johnathon,1,93.43
Aracelis,1,63.14
Dotty,1,57.37
Glynis,3,205.82
Mee,1,38.74
Clarita,2,65.11
Yoko,1,79.76
Tamie,1,9.79
Trevor,2,128.41
Lyndsey,1,54.33
Yuki,1,22.52
Florentina,2,91.25
Nelson,1,27.63
Tomi,2,72.40
Shalanda,1,84.40
Shane,1,32.78
Britteny,1,48.82
Donte,1,82.79
Cecila,1,37.33
Betsey,1,72.17
Annelle,1,74.96
Joie,1,72.65
Barbera,1,67.65
Kory,1,83.04
Leida,1,77.84
Stefani,1,22.88
Tamesha,1,95.52
Anika,2,101.49
Kindra,1,11.23
Hyon,1,23.63
Roland,1,99.92
Lenora,1,19.11
Tianna,1,38.62
Roxane,1,56.53
Felicidad,1,97.83
Pasty,1,10.35
Ima,1,55.86
Jackelyn,1,16.55
Eloisa,1,62.16
Lavonna,1,85.51
Beverley,1,45.90
Ronna,2,55.58
Leatha,1,83.94
Alonso,1,33.82
Austin,1,37.36
Juanita,1,17.32
Stefany,1,68.70
Stanley,1,35.43
Samatha,1,59.63
Asa,1,63.78
Earl,1,92.89
Portia,1,80.91
Tanisha,1,35.96
Pearle,1,45.63
Felica,1,76.47
Aleen,1,62.37
Beatris,1,18.03
Sammy,1,88.32
Mauro,1,87.06
Joycelyn,2,80.38
Alex,1,0.06
Alma,1,33.38
Christen,1,85.59
Myrna,1,93.28
Carisa,2,96.86
Elroy,1,4.05
Linn,2,142.71
Lilla,1,98.94
Selena,1,87.71
Tu,1,41.77
Felipa,1,98.51
Aisha,1,0.48
isha,1,95.51
Coleen,1,66.83
Sharyl,1,36.66
Domenica,1,53.41
Malisa,1,49.29
Setsuko,1,93.40
Marlena,1,49.04
Laquanda,1,93.82
Jule,2,101.43
Concepcion,1,22.81
Todd,2,116.56
Loreen,1,92.46
Else,1,57.04
Dominque,1,78.49
Kevin,2,53.61
Janean,1,65.06
Thomasena,2,174.59
Allen,1,74.51
Cari,1,99.80
Marjorie,1,60.22
Latoria,1,19.72
Pamella,1,34.99
Weston,1,61.63
Tressa,1,30.55
Rasheeda,1,68.57
Celinda,2,43.18
Shani,2,17.06
Chi,1,70.14
Julie,2,108.49
Ronda,3,174.81
Phyliss,1,46.09
Mendy,2,145.54
Jerold,1,74.16
Charise,1,46.84
Candy,1,54.36
Tova,1,58.83
Marceline,1,35.69
Jacinto,1,98.70
Michele,1,73.48
Jolene,1,96.24
Rufus,1,43.94
Charla,1,18.52
Lawrence,1,96.16
Della,1,29.78
Ignacia,2,88.38
Nicole,1,25.43
Enedina,1,80.26
Leora,2,106.72
Ligia,1,97.76
Corinna,1,88.26
Garry,2,95.23
Enrique,1,97.41
Jack,1,78.34
Jazmin,1,52.21
Thu,1,17.22
Amberly,1,17.55
Lajuana,1,99.08
Faith,1,39.82
Aleisha,2,96.05
Justin,1,44.64
Delmar,1,68.72
Caprice,1,91.18
Quiana,1,44.60
Merrilee,1,89.64
Trenton,1,79.43
Grayce,2,67.34
Bok,1,94.04
Saul,1,54.97
Margurite,1,54.68
Sherman,2,71.87
Russell,1,25.12
Lexie,2,111.17
Dorothy,1,49.36
Alejandrina,1,60.38
Delmy,1,17.92
Eura,1,0.87
Leona,2,91.83
Angelique,1,75.46
Ela,1,91.39
Cinderella,1,30.29
Tenesha,2,68.80
Ernestine,1,65.42
Hosea,1,8.51
Keith,1,96.68
Theodore,1,5.89
Tarah,1,95.06
Temple,1,45.22
Meagan,1,26.21
Candi,1,38.06
Alayna,1,31.43
Merna,1,92.09
Evie,1,95.83
Santana,1,3.21
Felix,1,36.85
Audra,1,47.55
Angila,1,29.46
Alleen,1,68.23
Delsie,1,9.29
Elanor,1,99.46
Mozella,2,144.10
Perry,1,44.46
Richelle,2,77.87
Cecil,1,24.88
Sophie,1,12.89
Larhonda,2,101.43
Alison,2,157.38
Jannette,1,12.99
Nerissa,1,47.21
Angelyn,1,66.38
Willis,2,31.40
Catina,1,10.00
January,1,96.25
Cristobal,1,5.67
Demarcus,1,22.98
Diego,1,61.19
Andera,1,44.50
Jerald,1,86.48
Peggy,1,75.90
Anjelica,1,27.94
Jeane,1,51.53
Chanda,1,49.08
Ruthie,1,50.49
Delpha,1,67.20
Ailene,2,97.90
Leon,2,145.66
Donita,1,63.21
Alix,1,76.32
Georgeanna,1,86.34
Marquis,1,59.68
Ara,1,3.18
Brenton,1,69.29
Lilia,1,31.47
Nichol,1,67.97
Hanh,1,7.76
Vincenza,1,4.50
Garfield,1,99.26
Scot,2,45.71
Olen,1,14.08
Anisa,1,38.76
Geralyn,1,29.94
Shondra,2,65.18
Ernesto,2,98.88
Ferdinand,1,70.37
Shasta,2,48.35
Mui,1,25.90
Ariana,2,89.12
Hyacinth,2,106.48
Debra,1,20.10
Valentina,1,94.75
Bud,1,35.38
Caterina,1,22.14
Mitch,1,99.75
Aurelio,1,76.14
Shu,1,71.82
Amado,1,13.02
Gustavo,1,99.00
Annie,1,51.19
Katlyn,1,66.82
Vickie,1,26.49
Charline,1,12.59
Fidel,2,84.88
